meta_mobile_vpn,type,vpn_ref.ref
false,enforce,Remote_access VPN
false,enforce,Remote_access VPN
false,enforce,Remote_access VPN
false,enforce,Remote_access VPN
false,enforce,Remote_access VPN
false,enforce,Remote_access VPN
false,enforce,Remote_access VPN
false,enforce,Remote_access VPN
false,enforce,Remote_access VPN
false,enforce,Remote_access VPN
false,enforce,Remote_access VPN
false,enforce,Remote_access VPN
false,enforce,Remote_access VPN
false,enforce,Remote_access VPN
false,enforce,Remote_access VPN
false,enforce,Remote_access VPN
false,enforce,Remote_access VPN
false,enforce,Remote_access VPN
false,enforce,Remote_access VPN
false,enforce,Remote_access VPN
false,enforce,Remote_access VPN
false,enforce,Remote_access VPN
false,enforce,Remote_access VPN
false,enforce,Remote_access VPN
false,enforce,Remote_access VPN
false,enforce,Remote_access VPN
false,enforce,Remote_access VPN
false,enforce,Remote_access VPN
false,enforce,Remote_access VPN
false,enforce,Remote_access VPN
false,enforce,Remote_access VPN
false,enforce,Remote_access VPN
false,enforce,Remote_access VPN
false,enforce,Remote_access VPN
false,enforce,Remote_access VPN
false,enforce,Remote_access VPN
false,enforce,Remote_access VPN
false,enforce,Remote_access VPN
false,enforce,Remote_access VPN
false,enforce,Remote_access VPN
false,enforce,Remote_access VPN
false,enforce,Remote_access VPN
false,enforce,Remote_access VPN
false,enforce,Remote_access VPN
false,enforce,Remote_access VPN
false,enforce,Remote_access VPN
false,enforce,Remote_access VPN
false,enforce,Remote_access VPN
false,enforce,Remote_access VPN
false,enforce,Remote_access VPN
false,enforce,Remote_access VPN
false,enforce,Remote_access VPN
false,enforce,Remote_access VPN
false,enforce,Remote_access VPN
false,enforce,Remote_access VPN
false,enforce,Remote_access VPN
false,enforce,Remote_access VPN
false,enforce,Remote_access VPN
false,enforce,Remote_access VPN
false,enforce,Remote_access VPN
false,enforce,Remote_access VPN
false,enforce,Remote_access VPN
false,enforce,Remote_access VPN
false,enforce,Remote_access VPN
false,enforce,Remote_access VPN
false,enforce,Remote_access VPN
false,enforce,Remote_access VPN
false,enforce,Remote_access VPN
false,enforce,Remote_access VPN
